Workbook

Sheet Hoja1
A1: NUMERO RP4 | B1: RUTA | C1: SUPERVISOR | D1: NUMERO DE SERIE | E1: IS EN REPARACIÓN | F1: RETORNÓ D REPARACIÓN | G1: CAMBIO DE BATERIA
A2: RP4-A00N0B02 | B2: DS0005 | C2: ALEXANDER SAÑA | D2: S/N 21077N0177
A3: RP4-A00N0B02 | B3: DS0006 | C3: ALEXANDER SAÑA | D3: S/N 21076N09C3 | E3: 45988 | F3: 46027 | G3: SI
A4: RP4-A00N0B02 | B4: DS0007 | C4: ALEXANDER SAÑA | D4: S/N 21179N0149
A5: RP4-A00N0B02 | B5: DS0009 | C5: ALEXANDER SAÑA | D5: S/N 21167N0372
A6: RP4-A00N0B02 | B6: DS0011 | C6: ALEXANDER SAÑA | D6: S/N 21069N089C | E6: 45919 | F6: 7/10/2025/30/04/26
A7: RP4-A00N0B02 | B7: DS0022 | C7: ALEXANDER SAÑA | D7: S/N 21167N0368
A8: RP4-A00N0B02 | B8: DS0036 | C8: ALEXANDER SAÑA | D8: S/N 21077N0178
A9: RP4-A00N0B02 | B9: DS0037 | C9: ALEXANDER SAÑA | D9: S/N 21076N0B3A | F9: 46206
A10: RP4-A00N0B02 | B10: DS0038 | C10: ALEXANDER SAÑA | D10: S/N 21076N0B4A | E10: 45988 | G10: SI
A11: RP4-A00N0B02 | B11: DS0040 | C11: ALEXANDER SAÑA | D11: S/N 21076N0B62
A12: RP4-A00N0B02 | B12: DS0046 | C12: ALEXANDER SAÑA | D12: S/N 21167N035E | E12: 45980 | F12: 45995
A13: RP4-A00N0B02 | B13: DS0059 | C13: ALEXANDER SAÑA | D13: S/N 21091N0A7E
A14: RP4-A00N0B02 | B14: DS0062 | C14: ALEXANDER SAÑA | D14: S/N 21069N0098
A15: RP4-A00N0B02 | B15: DS0066 | C15: ALEXANDER SAÑA | D15: S/N21069N0896/PR21180N0317
A16: RP4-A00N0B02 | B16: DS0072 | C16: ALEXANDER SAÑA | D16: S/N 21179N0123
A17: RP4-A00N0B02 | B17: DS0080 | C17: ALEXANDER SAÑA | D17: S/N 21168N03EE
A18: RP4-A00N0B02 | B18: DS0084 | C18: ALEXANDER SAÑA | D18: S/N 21078N5592
A19: RP4-A00N0B02 | B19: DS00E2 | C19: ALEXANDER SAÑA | D19: S/N 21069N007D | E19: 45924 | F19: 46027
A20: RP4-A00N0B02 | B20: DS0003 | C20: BRIAN LAZO | D20: S/N 21167N0393
A21: RP4-A00N0B02 | B21: DS0013 | C21: BRIAN LAZO | D21: S/N 21180N0319 | E21: 45709
A22: RP4-A00N0B02 | B22: DS0019 | C22: BRIAN LAZO | D22: S/N 21070N0211 | E22: 45953 | F22: 5/1/2026-09/06/26
A23: RP4-A00N0B02 | B23: DS0023 | C23: BRIAN LAZO | D23: S/N 21078N5067
A24: RP4-A00N0B02 | B24: DS0031 | C24: BRIAN LAZO | D24: S/N 21077N017B
A25: RP4-A00N0B02 | B25: DS0033 | C25: BRIAN LAZO | D25: S/N 21077N0192 | E25: 45901 | F25: 45715 | G25: 22313N03AA
A26: RP4-A00N0B02 | B26: DS0034 | C26: BRIAN LAZO | D26: S/N 21076N0B1F | F26: 46086
A27: RP4-ASVSYIR0085 | B27: DS0035 | C27: BRIAN LAZO | D27: S/N 21090N0962 | E27: 27/6/2025/19/09-02/10 | F27: 3/9/2025-24/09/17-10
A28: RP4-A00N0B02 | B28: DS0050 | C28: BRIAN LAZO | D28: S/N 21078N5414 | E28: 45988 | G28: SI | I28: 45880 | J28: 45889
A29: RP4-A00N0B02 | B29: DS0054 | C29: BRIAN LAZO | D29: S/N 21070N020A
A30: RP4-A00N0B02 | B30: DS0061 | C30: BRIAN LAZO | D30: S/N 21076N0B5C | F30: 46086
A31: RP4-A00N0B02 | B31: DS0076 | C31: BRIAN LAZO | D31: S/N 21076N0B65 | E31: 45980 | F31: 45995
A32: RP4-A00N0B02 | B32: DS0083 | C32: BRIAN LAZO | D32: S/N 21077N017D
A33: RP4-A00N0B02 | B33: DS0086 | C33: BRIAN LAZO | D33: S/N 21180N031F | E33: 45901 | F33: 45912
A34: RP4-A00N0B02 | B34: DS0086BIS/DS0035 | C34: BRIAN LAZO | D34: S/N 21180N031F
A35: RP4-A00N0B02 | B35: DS0088 | C35: BRIAN LAZO | D35: S/N 21088N078C | E35: RECUPERADO | F35: 20/11/2025-09/06/26 | G35: SI
A36: RP4-A00N0B02 | B36: DS00A3 | C36: BRIAN LAZO | D36: S/N 21076N0B4B | E36: 45901 | F36: 12/9/2025--16/05/26
A37: RP4-A00N0B02 | B37: DS00B4 | C37: BRIAN LAZO | D37: S/N 21077N01BF
A38: RP4-A00N0B02 | B38: DS00B8 | C38: BRIAN LAZO | D38: S/N 21076N0B63
A39: RP4-A00N0B02 | B39: DS0008 | C39: COORDINACION | D39: S/N 21180N031C | F39: 45981 | G39: ESTA FÍSICO
A40: RP4-A00N0B02 | B40: DS0015 | C40: COORDINACION | D40: S/N 21168N03E9
A41: RP4A00N0B02 | B41: DS0043 | C41: COORDINACION | D41: S/N 21078N5545 | E41: 45919 | F41: 45947
A42: RP4-A00N0B02 | B42: DS0045 | C42: COORDINACION | D42: S/N 22178N05AA
A43: RP4-A00N0B02 | B43: DS0048 | C43: COORDINACION | D43: S/N 21169N0821 | F43: 46086
A44: RP4-A00N0B02 | B44: DS0064 | C44: COORDINACION | D44: S/N 21069N08B7
A45: RP4-A00N0B02 | B45: DS0091 | C45: COORDINACION | D45: S/N 21167N0360
A46: RP4-21078N5386 | B46: DS0095 | C46: COORDINACION | D46: S/N 21076N0B47
A47: RP4-A00N0B02 | B47: DS00BK1 | C47: COORDINACION | D47: S/N 21076N0B44
A48: RP4-A00N0B02 | B48: DS00BK10 | C48: COORDINACION | D48: S/N 21076N0B64
A49: RP4-A00N0B02 | B49: DS00BK11 | C49: COORDINACION | D49: S/N 21076N0B56 | E49: 45901 | F49: 45919
A50: RP4-A00N0B02 | B50: DS00BK12 | C50: COORDINACION | D50: S/N 21076N09AA
A51: RP4-A00N0B02 | B51: DS00BK13 | C51: COORDINACION | D51: S/N 21077N01A5 | E51: 45901 | F51: 45912
A52: RP4-A00N0B02 | B52: DS00BK14 | C52: COORDINACION | D52: S/N 21078N5543 | E52: 45980 | F52: 46100 | G52: 45995
A53: RP4A00N0B02 | B53: DS00BK15 | C53: COORDINACION | D53: S/N 21076N0B58 | E53: 45988
A54: RP4A00N0B02 | B54: DS00BK16 | C54: COORDINACION | D54: S/N 21077N017E | F54: 46086
A55: RP4-SVSYIR0100 | B55: DS00BK17 | C55: COORDINACION | D55: S/N 21077N01A0 | E55: 45988 | G55: SI | I55: 45932 | J55: 45947
A56: RP4A00N0B02 | B56: DS00BK2 | C56: COORDINACION | D56: S/N 21088N0775 | E56: 45919 | F56: 45932
A57: RP4-A00N0B02 | B57: DS00BK3 | C57: COORDINACION | D57: S/N 21168N03F0 | F57: 46100
A58: RPP4-22176N032C | B58: DS00BK4 | C58: COORDINACION | D58: S/N 22176N032C
A59: RP4-SVSYIR0388 | B59: DS00BK5 | C59: COORDINACION | D59: S/N21076N09A9 | E59: 45988 | G59: SI
A60: RP4-SVSYIR0020 | B60: DS00BK6 | C60: COORDINACION | D60: S/N21069N0879 | F60: 46182
A61: RP4-A00N0B02 | B61: DS00BK7 | C61: COORDINACION | D61: S/N 21078N5125
A62: RP4-SVSYIR0031 | B62: DS00BK8 | C62: COORDINACION | D62: S/N 21078N5461 | E62: 45988 | F62: 46027 | G62: SI
A63: RP4-A00N0B02 | B63: DS00BK9 | C63: COORDINACION | D63: S/N 21076N09C4
A64: RP4-A00N0B02 | B64: DS00C5 | C64: COORDINACION | D64: S/N21076N0B3C | E64: 45919 | F64: 45932
A65: RP4-A00N0B02 | B65: DS00D1 | C65: COORDINACION | D65: S/N 21088N0772 | E65: 45988 | G65: SI | I65: 45980 | J65: 45988
A66: RP4-A00N0B02 | B66: DS00D2 | C66: COORDINACION | D66: S/N21078N5097
A67: RP4-SVSYIR0094 | B67: DS00D3 | C67: COORDINACION | D67: S/N 21077N01A3 | E67: 45919 | F67: 45932
A68: RP4-A00N0B02 | B68: DS00D4 | C68: COORDINACION | D68: S/N 21088N079F | E68: 45919 | F68: 45932
A69: RP4-A00N0B02 | B69: DS00D5 | C69: COORDINACION | D69: S/N 21078N5538 | E69: 45988 | G69: SI
A70: RP4-A00N0B02 | B70: DS00DC | C70: COORDINACION | D70: S/N 21076N0B45
A71: RP4A00N0B02 | B71: DS00DE | C71: COORDINACION | D71: S/N 21076N09C8 | E71: 45919 | F71: 45932
A72: RP4-SVSYIR0033 | B72: DS00DF | C72: COORDINACION | D72: S/N 21078N5384
A73: RP4-A00N0B02 | B73: DS00DG | C73: COORDINACION | D73: S/N 21076N0B1E | E73: 45901 | F73: 45912
A74: RP4-A00N0B02 | B74: DS00DH | C74: COORDINACION | D74: S/N 21167N032E
A75: RP4-A00N0B02 | B75: DS00DJ | C75: COORDINACION | D75: S/N 21077N01A9
A76: RP4-A00N0B02 | B76: DS00DK | C76: COORDINACION | D76: S/N 21069N087E
A77: RP4-A00N0B02 | B77: DS00DL | C77: COORDINACION | D77: S/N 21077N019A
A78: RP4-A00N0B02 | B78: DS00DM | C78: COORDINACION | D78: S/N 21088N0796 | E78: EXTRAVIADO
A79: RP4-A00N0B02 | B79: DS00DN | C79: COORDINACION | D79: S/N 21076N09C2
A80: RP4-SVSYIR0092 | B80: DS00DO | C80: COORDINACION | D80: S/N 21091N0A7D
A81: RP4-SVSYIR0088 | B81: DS00DP | C81: COORDINACION | D81: S/N 21090N095F | E81: 1/9/2025/24/09/25/23-10 | F81: 45982
A82: RP4-A00N0B02 | B82: DS00DS | C82: COORDINACION | D82: S/N 21076N0B5F
A83: RP4A00N0B02 | B83: DS00DT | C83: COORDINACION | D83: S/N 21078N5542 | E83: 45988 | F83: 45999
A84: RP4-A00N0B02 | B84: DS00DV | C84: COORDINACION | D84: S/N 21076N09B6 | F84: 46086
A85: RP4-21078N5575 | B85: DS00DW | C85: COORDINACION | D85: S/N 21078N5575 | E85: 45988 | G85: SI | I85: 45919 | J85: 45932
A86: RP4-A00N0B02 | B86: DS00GH | C86: COORDINACION | D86: S/N 21089N0B31 | E86: 45988 | G86: SI | I86: 45953 | J86: 45988
A87: RP4-A00N0B02 | B87: DS00T6 | C87: COORDINACION | D87: S/N 21070N0212 | F87: 46158
A88: RP4-A00N0B02 | B88: DS00T7 | C88: COORDINACION | D88: S/N 21168N03F8 | E88: 45988 | G88: SI
A89: RP4-A00N0B02 | B89: DS00U2 | C89: COORDINACION | D89: S/N 21076N09B5 | E89: 45988 | F89: 46052 | G89: SI | I89: 45924 | J89: 45937
A90: RP4-A00N0B02 | B90: DS00U3 | C90: COORDINACION | D90: S/N 21078N5547
A91: RP4-A00N0B02 | B91: DS0004 | C91: ELIAS MONTECINOS | D91: S/N 21168N03F3 | F91: 46052
A92: RP4-A00N0B02 | B92: DS0010 | C92: ELIAS MONTECINOS | D92: S/N 21077N019D
A93: RP4-A00N0B02 | B93: DS0012 | C93: ELIAS MONTECINOS | D93: S/N 21077N0179
A94: RP4-A00N0B02 | B94: DS0016 | C94: ELIAS MONTECINOS | D94: S/N 21069N089D
A95: RP4-A00N0B02 | B95: DS0017 | C95: ELIAS MONTECINOS | D95: S/N 21069N0894 | E95: 45919 | F95: 45715 | G95: 22315N0021
A96: RP4-A00N0B02 | B96: DS0021 | C96: ELIAS MONTECINOS | D96: S/N 21077N017A
A97: RP4-A00N0B02 | B97: DS0024 | C97: ELIAS MONTECINOS | D97: S/N 21070N0371/N05FD | E97: RECUPERADO | F97: 45981
A98: RP4-A00N0B02 | B98: DS0025 | C98: ELIAS MONTECINOS | D98: S/N 21069N007E | E98: 45988 | F98: 46027 | G98: SI | I98: 45924 | J98: 45937
A99: RP4-A00N0B02 | B99: DS0027 | C99: ELIAS MONTECINOS | D99: S/N 22179N0CDD
A100: RP4-A00N0B02 | B100: DS0028 | C100: ELIAS MONTECINOS | D100: S/N 21076N0B39 | F100: 46206
...

Sheet Impresoras Julio 2026
A1: NUMERO RP4 | B1: NUEVA RUTA | C1: SUPERVISOR | D1: NUMERO DE SERIE | E1: SERIE | F1: Validacion | G1: Columna1 | H1: STICKER ACTUALIZADO | I1: COMENTARIO
A2: RP4-A00N0B02 | B2: DS00EH | C2: KASSANDRA HERNÁNDEZ | D2: S/N 21069N007D | E2: =RIGHT(Tabla1[[#This Row],[NUMERO DE SERIE ]],10) -> 21069N007D | F2: ok | G2: =_xlfn.XLOOKUP(Tabla1[[#This Row],[SERIE]],'DATA IT'!D:D,'DATA IT'!G:G) -> RP4B
A3: RP4-A00N0B02 | B3: Pendiente de Asignar | C3: Coordinación | D3: S/N 21069N007E | E3: =RIGHT(Tabla1[[#This Row],[NUMERO DE SERIE ]],10) -> 21069N007E | F3: ok | G3: =_xlfn.XLOOKUP(Tabla1[[#This Row],[SERIE]],'DATA IT'!D:D,'DATA IT'!G:G) -> RP4B | H3: NOK
A4: RP4-A00N0B02 | B4: DS00U2 | C4: BRYAN GALDÁMEZ | D4: S/N 21069N007F | E4: =RIGHT(Tabla1[[#This Row],[NUMERO DE SERIE ]],10) -> 21069N007F | F4: ok | G4: =_xlfn.XLOOKUP(Tabla1[[#This Row],[SERIE]],'DATA IT'!D:D,'DATA IT'!G:G) -> RP4B
A5: RP4-A00N0B02 | B5: DUMMY HOD | C5: KASSANDRA HERNÁNDEZ | D5: S/N 21069N0097 | E5: =RIGHT(Tabla1[[#This Row],[NUMERO DE SERIE ]],10) -> 21069N0097 | F5: ok | G5: =_xlfn.XLOOKUP(Tabla1[[#This Row],[SERIE]],'DATA IT'!D:D,'DATA IT'!G:G) -> RP4B | H5: NOK
A6: RP4-A00N0B02 | B6: Pendiente de Asignar | C6: Coordinación | D6: S/N 21069N009B | E6: 21069N0098 | F6: ok | G6: =_xlfn.XLOOKUP(Tabla1[[#This Row],[SERIE]],'DATA IT'!D:D,'DATA IT'!G:G) -> RP4B | H6: NOK | I6: No funciona
A7: RP4-A00N0B02 | B7: DUMMY HOD | C7: KASSANDRA HERNÁNDEZ | D7: S/N 21069N0099 | E7: =RIGHT(Tabla1[[#This Row],[NUMERO DE SERIE ]],10) -> 21069N0099 | F7: ok | G7: =_xlfn.XLOOKUP(Tabla1[[#This Row],[SERIE]],'DATA IT'!D:D,'DATA IT'!G:G) -> RP4B | H7: NOK
A8: RP4-A00N0B02 | B8: DUMMY HOD | C8: KASSANDRA HERNÁNDEZ | D8: S/N 21069N009A | E8: =RIGHT(Tabla1[[#This Row],[NUMERO DE SERIE ]],10) -> 21069N009A | F8: ok | G8: =_xlfn.XLOOKUP(Tabla1[[#This Row],[SERIE]],'DATA IT'!D:D,'DATA IT'!G:G) -> RP4B | H8: NOK
A9: RP4-A00N0B02 | B9: Pendiente de Asignar | C9: Coordinación | D9: S/N 21069N0874 | E9: =RIGHT(Tabla1[[#This Row],[NUMERO DE SERIE ]],10) -> 21069N0874 | F9: ok | G9: =_xlfn.XLOOKUP(Tabla1[[#This Row],[SERIE]],'DATA IT'!D:D,'DATA IT'!G:G) -> RP4B | H9: NOK
A10: RP4-A00N0B02 | B10: Pendiente de Asignar | C10: Coordinación | D10: S/N 21069N087E | E10: =RIGHT(Tabla1[[#This Row],[NUMERO DE SERIE ]],10) -> 21069N087E | F10: ok | G10: =_xlfn.XLOOKUP(Tabla1[[#This Row],[SERIE]],'DATA IT'!D:D,'DATA IT'!G:G) -> RP4B | H10: NOK
A11: RP4-A00N0B02 | B11: DS00B2 | C11: JUAN CARLOS RAMIREZ SIBRIAN | D11: S/N 21069N0882 | E11: =RIGHT(Tabla1[[#This Row],[NUMERO DE SERIE ]],10) -> 21069N0882 | F11: ok | G11: =_xlfn.XLOOKUP(Tabla1[[#This Row],[SERIE]],'DATA IT'!D:D,'DATA IT'!G:G) -> RP4B
A12: RP4-A00N0B02 | B12: DS0081 | C12: BRYAN GALDÁMEZ | D12: S/N 21069N0896 | E12: =RIGHT(Tabla1[[#This Row],[NUMERO DE SERIE ]],10) -> 21069N0896 | F12: ok | G12: =_xlfn.XLOOKUP(Tabla1[[#This Row],[SERIE]],'DATA IT'!D:D,'DATA IT'!G:G) -> RP4B
A13: RP4-A00N0B02 | B13: Pendiente de Asignar | C13: Coordinación | D13: S/N 21069N089D | E13: =RIGHT(Tabla1[[#This Row],[NUMERO DE SERIE ]],10) -> 21069N089D | F13: ok | G13: =_xlfn.XLOOKUP(Tabla1[[#This Row],[SERIE]],'DATA IT'!D:D,'DATA IT'!G:G) -> RP4B | H13: NOK
A14: RP4-A00N0B02 | B14: Pendiente de Asignar | C14: Coordinación | D14: S/N 21069N08B7 | E14: =RIGHT(Tabla1[[#This Row],[NUMERO DE SERIE ]],10) -> 21069N08B7 | F14: ok | G14: =_xlfn.XLOOKUP(Tabla1[[#This Row],[SERIE]],'DATA IT'!D:D,'DATA IT'!G:G) -> RP4B | H14: NOK
A15: RP4-A00N0B02 | B15: Pendiente de Asignar | C15: Coordinación | D15: S/N 21070N020A | E15: =RIGHT(Tabla1[[#This Row],[NUMERO DE SERIE ]],10) -> 21070N020A | F15: ok | G15: =_xlfn.XLOOKUP(Tabla1[[#This Row],[SERIE]],'DATA IT'!D:D,'DATA IT'!G:G) -> RP4B | H15: NOK | I15: No funciona
A16: RP4-A00N0B02 | B16: DS0058 | C16: JOSE ALEXANDER GARCIA SAÑA | D16: S/N 21070N0211 | E16: =RIGHT(Tabla1[[#This Row],[NUMERO DE SERIE ]],10) -> 21070N0211 | F16: ok | G16: =_xlfn.XLOOKUP(Tabla1[[#This Row],[SERIE]],'DATA IT'!D:D,'DATA IT'!G:G) -> RP4B
A17: RP4-A00N0B02 | B17: DS00DD | C17: BRYAN GALDÁMEZ | D17: S/N 21070N0212 | E17: =RIGHT(Tabla1[[#This Row],[NUMERO DE SERIE ]],10) -> 21070N0212 | F17: ok | G17: =_xlfn.XLOOKUP(Tabla1[[#This Row],[SERIE]],'DATA IT'!D:D,'DATA IT'!G:G) -> RP4B
A18: RP4-A00N0B02 | B18: Pendiente de Asignar | C18: Coordinación | D18: S/N 21076N09A9 | E18: =RIGHT(Tabla1[[#This Row],[NUMERO DE SERIE ]],10) -> 21076N09A9 | F18: ok | G18: =_xlfn.XLOOKUP(Tabla1[[#This Row],[SERIE]],'DATA IT'!D:D,'DATA IT'!G:G) -> RP4B | H18: NOK
A19: RP4-A00N0B02 | B19: DS00H4 | C19: KASSANDRA HERNÁNDEZ | D19: S/N 21076N09B0 | E19: =RIGHT(Tabla1[[#This Row],[NUMERO DE SERIE ]],10) -> 21076N09B0 | F19: ok | G19: =_xlfn.XLOOKUP(Tabla1[[#This Row],[SERIE]],'DATA IT'!D:D,'DATA IT'!G:G) -> RP4B | H19: NOK
A20: RP4-A00N0B02 | B20: DS0075 | C20: ELMER FIGUEROA | D20: S/N 21076N09B1 | E20: =RIGHT(Tabla1[[#This Row],[NUMERO DE SERIE ]],10) -> 21076N09B1 | F20: ok | G20: =_xlfn.XLOOKUP(Tabla1[[#This Row],[SERIE]],'DATA IT'!D:D,'DATA IT'!G:G) -> RP4B
A21: RP4-A00N0B02 | B21: DS0061 | C21: ELMER FIGUEROA | D21: S/N 21076N09B5 | E21: =RIGHT(Tabla1[[#This Row],[NUMERO DE SERIE ]],10) -> 21076N09B5 | F21: ok | G21: =_xlfn.XLOOKUP(Tabla1[[#This Row],[SERIE]],'DATA IT'!D:D,'DATA IT'!G:G) -> RP4B
A22: RP4-A00N0B02 | B22: Pendiente de Asignar | C22: Coordinación | D22: S/N 21076N09B6 | E22: =RIGHT(Tabla1[[#This Row],[NUMERO DE SERIE ]],10) -> 21076N09B6 | F22: ok | G22: =_xlfn.XLOOKUP(Tabla1[[#This Row],[SERIE]],'DATA IT'!D:D,'DATA IT'!G:G) -> RP4B | H22: NOK
A23: RP4-A00N0B02 | B23: Pendiente de Asignar | C23: Coordinación | D23: S/N21076N09C3 | E23: =RIGHT(Tabla1[[#This Row],[NUMERO DE SERIE ]],10) -> 21076N09C3 | F23: ok | G23: =_xlfn.XLOOKUP(Tabla1[[#This Row],[SERIE]],'DATA IT'!D:D,'DATA IT'!G:G) -> RP4B | H23: NOK
A24: RP4-A00N0B02 | B24: DS0004 | C24: JUAN CARLOS RAMIREZ SIBRIAN | D24: S/N 21076N09C4 | E24: =RIGHT(Tabla1[[#This Row],[NUMERO DE SERIE ]],10) -> 21076N09C4 | F24: ok | G24: =_xlfn.XLOOKUP(Tabla1[[#This Row],[SERIE]],'DATA IT'!D:D,'DATA IT'!G:G) -> RP4B | I24: NO FUNCIONA
A25: N/D | B25: Pendiente de Asignar | C25: Coordinación | D25: N/D | E25: =RIGHT(Tabla1[[#This Row],[NUMERO DE SERIE ]],10) -> N/D | G25: =_xlfn.XLOOKUP(Tabla1[[#This Row],[SERIE]],'DATA IT'!D:D,'DATA IT'!G:G) -> #N/A | H25: NOK
A26: N/D | B26: Pendiente de Asignar | C26: Coordinación | D26: N/D | E26: =RIGHT(Tabla1[[#This Row],[NUMERO DE SERIE ]],10) -> N/D | G26: =_xlfn.XLOOKUP(Tabla1[[#This Row],[SERIE]],'DATA IT'!D:D,'DATA IT'!G:G) -> #N/A | H26: NOK
A27: RP4-A00N0B02 | B27: DS00T6 | C27: ELMER FIGUEROA | D27: S/N 21076N09C8 | E27: =RIGHT(Tabla1[[#This Row],[NUMERO DE SERIE ]],10) -> 21076N09C8 | F27: ok | G27: =_xlfn.XLOOKUP(Tabla1[[#This Row],[SERIE]],'DATA IT'!D:D,'DATA IT'!G:G) -> RP4B
A28: RP4-A00N0B02 | B28: DS0041 | C28: JUAN CARLOS RAMIREZ SIBRIAN | D28: S/N 21076N0B1C | E28: =RIGHT(Tabla1[[#This Row],[NUMERO DE SERIE ]],10) -> 21076N0B1C | F28: ok | G28: =_xlfn.XLOOKUP(Tabla1[[#This Row],[SERIE]],'DATA IT'!D:D,'DATA IT'!G:G) -> RP4B
A29: RP4-A00N0B02 | B29: DS0045 | C29: JUAN CARLOS RAMIREZ SIBRIAN | D29: S/N 21076N0B1E | E29: =RIGHT(Tabla1[[#This Row],[NUMERO DE SERIE ]],10) -> 21076N0B1E | F29: ok | G29: =_xlfn.XLOOKUP(Tabla1[[#This Row],[SERIE]],'DATA IT'!D:D,'DATA IT'!G:G) -> RP4B
A30: RP4-A00N0B02 | B30: DS0025 | C30: BRYAN GALDÁMEZ | D30: S/N 21076N0B1F | E30: =RIGHT(Tabla1[[#This Row],[NUMERO DE SERIE ]],10) -> 21076N0B1F | F30: ok | G30: =_xlfn.XLOOKUP(Tabla1[[#This Row],[SERIE]],'DATA IT'!D:D,'DATA IT'!G:G) -> RP4B
A31: RP4-A00N0B02 | B31: DS0039 | C31: JUAN CARLOS RAMIREZ SIBRIAN | D31: S/N 21076N0B20 | E31: =RIGHT(Tabla1[[#This Row],[NUMERO DE SERIE ]],10) -> 21076N0B20 | F31: ok | G31: =_xlfn.XLOOKUP(Tabla1[[#This Row],[SERIE]],'DATA IT'!D:D,'DATA IT'!G:G) -> RP4B
A32: RP4-A00N0B02 | B32: DS00D4 | C32: JOSE ALEXANDER GARCIA SAÑA | D32: S/N 21076N0B32 | E32: =RIGHT(Tabla1[[#This Row],[NUMERO DE SERIE ]],10) -> 21076N0B32 | F32: ok | G32: =_xlfn.XLOOKUP(Tabla1[[#This Row],[SERIE]],'DATA IT'!D:D,'DATA IT'!G:G) -> RP4B
A33: RP4-A00N0B02 | B33: DS0021 | C33: BRYAN GALDÁMEZ | D33: S/N 21076N0B34 | E33: =RIGHT(Tabla1[[#This Row],[NUMERO DE SERIE ]],10) -> 21076N0B34 | F33: ok | G33: =_xlfn.XLOOKUP(Tabla1[[#This Row],[SERIE]],'DATA IT'!D:D,'DATA IT'!G:G) -> RP4B
A34: RP4-A00N0B02 | B34: DS0074 | C34: JUAN CARLOS RAMIREZ SIBRIAN | D34: S/N 21076N0B36 | E34: =RIGHT(Tabla1[[#This Row],[NUMERO DE SERIE ]],10) -> 21076N0B36 | F34: ok | G34: =_xlfn.XLOOKUP(Tabla1[[#This Row],[SERIE]],'DATA IT'!D:D,'DATA IT'!G:G) -> RP4B
A35: RP4-A00N0B02 | B35: DS0089 | C35: BRYAN GALDÁMEZ | D35: S/N 21076N0B39 | E35: =RIGHT(Tabla1[[#This Row],[NUMERO DE SERIE ]],10) -> 21076N0B39 | F35: ok | G35: =_xlfn.XLOOKUP(Tabla1[[#This Row],[SERIE]],'DATA IT'!D:D,'DATA IT'!G:G) -> RP4B
A36: RP4-A00N0B02 | B36: DS0090 | C36: BRYAN GALDÁMEZ | D36: S/N 21076N0B3A | E36: =RIGHT(Tabla1[[#This Row],[NUMERO DE SERIE ]],10) -> 21076N0B3A | F36: ok | G36: =_xlfn.XLOOKUP(Tabla1[[#This Row],[SERIE]],'DATA IT'!D:D,'DATA IT'!G:G) -> RP4B
A37: RP4-A00N0B02 | B37: DS0064 | C37: JUAN CARLOS RAMIREZ SIBRIAN | D37: S/N 21076N0B3C | E37: =RIGHT(Tabla1[[#This Row],[NUMERO DE SERIE ]],10) -> 21076N0B3C | F37: ok | G37: =_xlfn.XLOOKUP(Tabla1[[#This Row],[SERIE]],'DATA IT'!D:D,'DATA IT'!G:G) -> RP4B
A38: RP4-A00N0B02 | B38: DS0088 | C38: ELMER FIGUEROA | D38: S/N 21076N0B44 | E38: =RIGHT(Tabla1[[#This Row],[NUMERO DE SERIE ]],10) -> 21076N0B44 | F38: ok | G38: =_xlfn.XLOOKUP(Tabla1[[#This Row],[SERIE]],'DATA IT'!D:D,'DATA IT'!G:G) -> RP4B
A39: N/D | B39: Pendiente de Asignar | C39: Coordinación | D39: N/D | E39: =RIGHT(Tabla1[[#This Row],[NUMERO DE SERIE ]],10) -> N/D | G39: =_xlfn.XLOOKUP(Tabla1[[#This Row],[SERIE]],'DATA IT'!D:D,'DATA IT'!G:G) -> #N/A | H39: NOK
A40: RP4-A00N0B02 | B40: DS0029 | C40: JOSE ALEXANDER GARCIA SAÑA | D40: S/N 21076N0B45 | E40: =RIGHT(Tabla1[[#This Row],[NUMERO DE SERIE ]],10) -> 21076N0B45 | F40: ok | G40: =_xlfn.XLOOKUP(Tabla1[[#This Row],[SERIE]],'DATA IT'!D:D,'DATA IT'!G:G) -> RP4B | H40: NOK
A41: RP4-A00N0B02 | B41: DS0055 | C41: BRYAN GALDÁMEZ | D41: S/N 21076N0B46 | E41: =RIGHT(Tabla1[[#This Row],[NUMERO DE SERIE ]],10) -> 21076N0B46 | F41: ok | G41: =_xlfn.XLOOKUP(Tabla1[[#This Row],[SERIE]],'DATA IT'!D:D,'DATA IT'!G:G) -> RP4B
A42: RP4-A00N0B02 | B42: DS0095 | C42: BRYAN GALDÁMEZ | D42: S/N 21076N0B47 | E42: =RIGHT(Tabla1[[#This Row],[NUMERO DE SERIE ]],10) -> 21076N0B47 | F42: ok | G42: =_xlfn.XLOOKUP(Tabla1[[#This Row],[SERIE]],'DATA IT'!D:D,'DATA IT'!G:G) -> RP4B
A43: RP4-A00N0B02 | B43: DUMMY HOD | C43: KASSANDRA HERNÁNDEZ | D43: S/N 21076N0B48 | E43: =RIGHT(Tabla1[[#This Row],[NUMERO DE SERIE ]],10) -> 21076N0B48 | F43: ok | G43: =_xlfn.XLOOKUP(Tabla1[[#This Row],[SERIE]],'DATA IT'!D:D,'DATA IT'!G:G) -> RP4B | H43: NOK
A44: RP4-A00N0B02 | B44: DS004H | C44: KASSANDRA HERNÁNDEZ | D44: S/N 21076N0B49 | E44: =RIGHT(Tabla1[[#This Row],[NUMERO DE SERIE ]],10) -> 21076N0B49 | F44: ok | G44: =_xlfn.XLOOKUP(Tabla1[[#This Row],[SERIE]],'DATA IT'!D:D,'DATA IT'!G:G) -> RP4B
A45: RP4-A00N0B02 | B45: DS00A3 | C45: ELMER FIGUEROA | D45: S/N 21076N0B4A | E45: =RIGHT(Tabla1[[#This Row],[NUMERO DE SERIE ]],10) -> 21076N0B4A | F45: ok | G45: =_xlfn.XLOOKUP(Tabla1[[#This Row],[SERIE]],'DATA IT'!D:D,'DATA IT'!G:G) -> RP4B
A46: RP4-A00N0B02 | B46: DS0078 | C46: JOSE ALEXANDER GARCIA SAÑA | D46: S/N 21076N0B56 | E46: =RIGHT(Tabla1[[#This Row],[NUMERO DE SERIE ]],10) -> 21076N0B56 | F46: ok | G46: =_xlfn.XLOOKUP(Tabla1[[#This Row],[SERIE]],'DATA IT'!D:D,'DATA IT'!G:G) -> RP4B
A47: RP4-A00N0B02 | B47: DS007H | C47: KASSANDRA HERNÁNDEZ | D47: S/N 21076N0B59 | E47: =RIGHT(Tabla1[[#This Row],[NUMERO DE SERIE ]],10) -> 21076N0B59 | F47: ok | G47: =_xlfn.XLOOKUP(Tabla1[[#This Row],[SERIE]],'DATA IT'!D:D,'DATA IT'!G:G) -> RP4B
A48: RP4-A00N0B02 | B48: DS005H | C48: KASSANDRA HERNÁNDEZ | D48: S/N 21076N0B5A | E48: =RIGHT(Tabla1[[#This Row],[NUMERO DE SERIE ]],10) -> 21076N0B5A | F48: ok | G48: =_xlfn.XLOOKUP(Tabla1[[#This Row],[SERIE]],'DATA IT'!D:D,'DATA IT'!G:G) -> RP4B
A49: RP4-A00N0B02 | B49: DS006H | C49: KASSANDRA HERNÁNDEZ | D49: S/N 21076N0B5B | E49: =RIGHT(Tabla1[[#This Row],[NUMERO DE SERIE ]],10) -> 21076N0B5B | F49: ok | G49: =_xlfn.XLOOKUP(Tabla1[[#This Row],[SERIE]],'DATA IT'!D:D,'DATA IT'!G:G) -> RP4B
A50: RP4-A00N0B02 | B50: Pendiente de Asignar | C50: Coordinación | D50: S/N 21076N0B5C | E50: =RIGHT(Tabla1[[#This Row],[NUMERO DE SERIE ]],10) -> 21076N0B5C | F50: ok | G50: =_xlfn.XLOOKUP(Tabla1[[#This Row],[SERIE]],'DATA IT'!D:D,'DATA IT'!G:G) -> RP4B | H50: NOK
A51: RP4-A00N0B02 | B51: DS0031 | C51: ELMER FIGUEROA | D51: S/N 21076N0B5F | E51: =RIGHT(Tabla1[[#This Row],[NUMERO DE SERIE ]],10) -> 21076N0B5F | F51: ok | G51: =_xlfn.XLOOKUP(Tabla1[[#This Row],[SERIE]],'DATA IT'!D:D,'DATA IT'!G:G) -> RP4B
A52: RP4-A00N0B02 | B52: DS0012 | C52: BRYAN GALDÁMEZ | D52: S/N 21076N0B62 | E52: =RIGHT(Tabla1[[#This Row],[NUMERO DE SERIE ]],10) -> 21076N0B62 | F52: ok | G52: =_xlfn.XLOOKUP(Tabla1[[#This Row],[SERIE]],'DATA IT'!D:D,'DATA IT'!G:G) -> RP4B
A53: RP4-A00N0B02 | B53: DS00DV | C53: JUAN CARLOS RAMIREZ SIBRIAN | D53: S/N 21076N0B64 | E53: 21076N0B64 | F53: ok | G53: =_xlfn.XLOOKUP(Tabla1[[#This Row],[SERIE]],'DATA IT'!D:D,'DATA IT'!G:G) -> RP4B
A54: RP4-A00N0B02 | B54: DS0059 | C54: JOSE ALEXANDER GARCIA SAÑA | D54: S/N 21076N0B65 | E54: =RIGHT(Tabla1[[#This Row],[NUMERO DE SERIE ]],10) -> 21076N0B65 | F54: ok | G54: =_xlfn.XLOOKUP(Tabla1[[#This Row],[SERIE]],'DATA IT'!D:D,'DATA IT'!G:G) -> RP4B
A55: RP4-A00N0B02 | B55: Pendiente de Asignar | C55: Coordinación | D55: S/N 21077N0177 | E55: =RIGHT(Tabla1[[#This Row],[NUMERO DE SERIE ]],10) -> 21077N0177 | F55: ok | G55: =_xlfn.XLOOKUP(Tabla1[[#This Row],[SERIE]],'DATA IT'!D:D,'DATA IT'!G:G) -> RP4B | H55: NOK
A56: RP4-A00N0B02 | B56: Pendiente de Asignar | C56: Coordinación | D56: S/N 21077N0178 | E56: =RIGHT(Tabla1[[#This Row],[NUMERO DE SERIE ]],10) -> 21077N0178 | F56: ok | G56: =_xlfn.XLOOKUP(Tabla1[[#This Row],[SERIE]],'DATA IT'!D:D,'DATA IT'!G:G) -> RP4B | H56: NOK
A57: RP4-A00N0B02 | B57: Pendiente de Asignar | C57: Coordinación | D57: S/N 21077N0179 | E57: =RIGHT(Tabla1[[#This Row],[NUMERO DE SERIE ]],10) -> 21077N0179 | F57: ok | G57: =_xlfn.XLOOKUP(Tabla1[[#This Row],[SERIE]],'DATA IT'!D:D,'DATA IT'!G:G) -> RP4B | H57: NOK
A58: RP4-A00N0B02 | B58: DS0028 | C58: BRYAN GALDÁMEZ | D58: S/N 21077N017A | E58: =RIGHT(Tabla1[[#This Row],[NUMERO DE SERIE ]],10) -> 21077N017A | F58: ok | G58: =_xlfn.XLOOKUP(Tabla1[[#This Row],[SERIE]],'DATA IT'!D:D,'DATA IT'!G:G) -> RP4B
A59: RP4-A00N0B02 | B59: DS0035 | C59: ELMER FIGUEROA | D59: S/N 21077N017B | E59: =RIGHT(Tabla1[[#This Row],[NUMERO DE SERIE ]],10) -> 21077N017B | F59: ok | G59: =_xlfn.XLOOKUP(Tabla1[[#This Row],[SERIE]],'DATA IT'!D:D,'DATA IT'!G:G) -> RP4B
A60: RP4-A00N0B02 | B60: DS0068 | C60: JUAN CARLOS RAMIREZ SIBRIAN | D60: S/N 21077N017C | E60: =RIGHT(Tabla1[[#This Row],[NUMERO DE SERIE ]],10) -> 21077N017C | F60: ok | G60: =_xlfn.XLOOKUP(Tabla1[[#This Row],[SERIE]],'DATA IT'!D:D,'DATA IT'!G:G) -> RP4B
A61: RP4-A00N0B02 | B61: DS0083 | C61: ELMER FIGUEROA | D61: S/N 21077N017D | E61: =RIGHT(Tabla1[[#This Row],[NUMERO DE SERIE ]],10) -> 21077N017D | F61: ok | G61: =_xlfn.XLOOKUP(Tabla1[[#This Row],[SERIE]],'DATA IT'!D:D,'DATA IT'!G:G) -> RP4B
A62: RP4-A00N0B02 | B62: DS00U5 | C62: JUAN CARLOS RAMIREZ SIBRIAN | D62: S/N 21077N017E | E62: =RIGHT(Tabla1[[#This Row],[NUMERO DE SERIE ]],10) -> 21077N017E | F62: ok | G62: =_xlfn.XLOOKUP(Tabla1[[#This Row],[SERIE]],'DATA IT'!D:D,'DATA IT'!G:G) -> RP4B
A63: RP4-A00N0B02 | B63: DS0066 | C63: ELMER FIGUEROA | D63: S/N 21077N0180 | E63: =RIGHT(Tabla1[[#This Row],[NUMERO DE SERIE ]],10) -> 21077N0180 | F63: ok | G63: =_xlfn.XLOOKUP(Tabla1[[#This Row],[SERIE]],'DATA IT'!D:D,'DATA IT'!G:G) -> RP4B
A64: RP4-A00N0B02 | B64: DS00DW | C64: BRYAN GALDÁMEZ | D64: S/N 21077N0198 | E64: =RIGHT(Tabla1[[#This Row],[NUMERO DE SERIE ]],10) -> 21077N0198 | F64: ok | G64: =_xlfn.XLOOKUP(Tabla1[[#This Row],[SERIE]],'DATA IT'!D:D,'DATA IT'!G:G) -> RP4B
A65: RP4-A00N0B02 | B65: DS0011 | C65: BRYAN GALDÁMEZ | D65: S/N 21077N01A0 | E65: =RIGHT(Tabla1[[#This Row],[NUMERO DE SERIE ]],10) -> 21077N01A0 | F65: ok | G65: =_xlfn.XLOOKUP(Tabla1[[#This Row],[SERIE]],'DATA IT'!D:D,'DATA IT'!G:G) -> RP4B
A66: RP4-F00N0B12 | B66: DS0062 | C66: ELMER FIGUEROA | D66: S/N 25335N03E7 | E66: =RIGHT(Tabla1[[#This Row],[NUMERO DE SERIE ]],10) -> 25335N03E7 | F66: ok | G66: =_xlfn.XLOOKUP(Tabla1[[#This Row],[SERIE]],'DATA IT'!D:D,'DATA IT'!G:G) -> #N/A
A67: RP4-A00N0B02 | B67: DS0040 | C67: JUAN CARLOS RAMIREZ SIBRIAN | D67: S/N 21077N01A3 | E67: =RIGHT(Tabla1[[#This Row],[NUMERO DE SERIE ]],10) -> 21077N01A3 | F67: ok | G67: =_xlfn.XLOOKUP(Tabla1[[#This Row],[SERIE]],'DATA IT'!D:D,'DATA IT'!G:G) -> RP4B
A68: RP4-A00N0B02 | B68: DS0023 | C68: ELMER FIGUEROA | D68: S/N 21077N01A5 | E68: =RIGHT(Tabla1[[#This Row],[NUMERO DE SERIE ]],10) -> 21077N01A5 | F68: ok | G68: =_xlfn.XLOOKUP(Tabla1[[#This Row],[SERIE]],'DATA IT'!D:D,'DATA IT'!G:G) -> RP4B
A69: RP4-A00N0B02 | B69: DS0013 | C69: JOSE ALEXANDER GARCIA SAÑA | D69: S/N 21077N01A6 | E69: =RIGHT(Tabla1[[#This Row],[NUMERO DE SERIE ]],10) -> 21077N01A6 | F69: ok | G69: =_xlfn.XLOOKUP(Tabla1[[#This Row],[SERIE]],'DATA IT'!D:D,'DATA IT'!G:G) -> RP4B
... A74: RP4-A00N0B02 | B74: DS00B4 | C74: ELMER FIGUEROA | D74: S/N 21078N5408 | E74: =RIGHT(Tabla1[[#This Row],[NUMERO DE SERIE ]],10) -> 21078N5408 | F74: ok | G74: =_xlfn.XLOOKUP(Tabla1[[#This Row],[SERIE]],'DATA IT'!D:D,'DATA IT'!G:G) -> #N/A
A75: RP4-A00N0B02 | B75: DUMMY HOD | C75: KASSANDRA HERNÁNDEZ | D75: S/N 21077N01BF | E75: =RIGHT(Tabla1[[#This Row],[NUMERO DE SERIE ]],10) -> 21077N01BF | F75: ok | G75: =_xlfn.XLOOKUP(Tabla1[[#This Row],[SERIE]],'DATA IT'!D:D,'DATA IT'!G:G) -> RP4B | H75: NOK
A76: RP4-A00N0B02 | B76: DS0001 | C76: JUAN CARLOS RAMIREZ SIBRIAN | D76: S/N 21077N01C0 | E76: =RIGHT(Tabla1[[#This Row],[NUMERO DE SERIE ]],10) -> 21077N01C0 | F76: ok | G76: =_xlfn.XLOOKUP(Tabla1[[#This Row],[SERIE]],'DATA IT'!D:D,'DATA IT'!G:G) -> RP4B
A77: RP4-A00N0B02 | B77: Pendiente de Asignar | C77: Coordinación | D77: S/N 21078N5067 | E77: =RIGHT(Tabla1[[#This Row],[NUMERO DE SERIE ]],10) -> 21078N5067 | F77: ok | G77: =_xlfn.XLOOKUP(Tabla1[[#This Row],[SERIE]],'DATA IT'!D:D,'DATA IT'!G:G) -> RP4B | H77: NOK | I77: No funciona
A78: RP4-A00N0B02 | B78: DS009H | C78: KASSANDRA HERNÁNDEZ | D78: S/N21078N5097 | E78: =RIGHT(Tabla1[[#This Row],[NUMERO DE SERIE ]],10) -> 21078N5097 | F78: ok | G78: =_xlfn.XLOOKUP(Tabla1[[#This Row],[SERIE]],'DATA IT'!D:D,'DATA IT'!G:G) -> RP4B
A79: RP4-A00N0B02 | B79: DUMMY HOD | C79: KASSANDRA HERNÁNDEZ | D79: S/N 21078N5330 | E79: =RIGHT(Tabla1[[#This Row],[NUMERO DE SERIE ]],10) -> 21078N5330 | F79: ok | G79: =_xlfn.XLOOKUP(Tabla1[[#This Row],[SERIE]],'DATA IT'!D:D,'DATA IT'!G:G) -> RP4B | H79: NOK
A80: RP4-A00N0B02 | B80: DS0046 | C80: JUAN CARLOS RAMIREZ SIBRIAN | D80: S/N 21078N5368 | E80: =RIGHT(Tabla1[[#This Row],[NUMERO DE SERIE ]],10) -> 21078N5368 | F80: ok | G80: =_xlfn.XLOOKUP(Tabla1[[#This Row],[SERIE]],'DATA IT'!D:D,'DATA IT'!G:G) -> RP4B
A81: RP4-A00N0B02 | B81: Pendiente de Asignar | C81: Coordinación | D81: S/N 21078N5384 | E81: =RIGHT(Tabla1[[#This Row],[NUMERO DE SERIE ]],10) -> 21078N5384 | F81: ok | G81: =_xlfn.XLOOKUP(Tabla1[[#This Row],[SERIE]],'DATA IT'!D:D,'DATA IT'!G:G) -> RP4B | H81: NOK | I81: No funciona
A82: RP4-A00N0B02 | B82: DS0038 | C82: JOSE ALEXANDER GARCIA SAÑA | D82: S/N 21069N0879 | E82: =RIGHT(Tabla1[[#This Row],[NUMERO DE SERIE ]],10) -> 1069N0879 | F82: ok | G82: =_xlfn.XLOOKUP(Tabla1[[#This Row],[SERIE]],'DATA IT'!D:D,'DATA IT'!G:G) -> #N/A
A83: RP4-A00N0B02 | B83: DS0079 | C83: BRYAN GALDÁMEZ | D83: S/N 21078N5388 | E83: =RIGHT(Tabla1[[#This Row],[NUMERO DE SERIE ]],10) -> 21078N5388 | F83: ok | G83: =_xlfn.XLOOKUP(Tabla1[[#This Row],[SERIE]],'DATA IT'!D:D,'DATA IT'!G:G) -> RP4B
A84: RP4-A00N0B02 | B84: DS0056 | C84: JUAN CARLOS RAMIREZ SIBRIAN | D84: S/N 21078N5406 | E84: =RIGHT(Tabla1[[#This Row],[NUMERO DE SERIE ]],10) -> 21078N5406 | F84: ok | G84: =_xlfn.XLOOKUP(Tabla1[[#This Row],[SERIE]],'DATA IT'!D:D,'DATA IT'!G:G) -> RP4B
A85: RP4-A00N0B02 | B85: DS00D3 | C85: JOSE ALEXANDER GARCIA SAÑA | D85: S/N 21078N5409 | E85: =RIGHT(Tabla1[[#This Row],[NUMERO DE SERIE ]],10) -> 21078N5409 | F85: ok | G85: =_xlfn.XLOOKUP(Tabla1[[#This Row],[SERIE]],'DATA IT'!D:D,'DATA IT'!G:G) -> RP4B
A86: RP4-A00N0B02 | B86: DUMMY HOD | C86: KASSANDRA HERNÁNDEZ | D86: S/N 21078N5423 | E86: =RIGHT(Tabla1[[#This Row],[NUMERO DE SERIE ]],10) -> 21078N5423 | F86: ok | G86: =_xlfn.XLOOKUP(Tabla1[[#This Row],[SERIE]],'DATA IT'!D:D,'DATA IT'!G:G) -> RP4B | H86: NOK
A87: RP4-A00N0B02 | B87: DS00CH | C87: KASSANDRA HERNÁNDEZ | D87: S/N 21078N5437 | E87: =RIGHT(Tabla1[[#This Row],[NUMERO DE SERIE ]],10) -> 21078N5437 | F87: ok | G87: =_xlfn.XLOOKUP(Tabla1[[#This Row],[SERIE]],'DATA IT'!D:D,'DATA IT'!G:G) -> RP4B
A88: RP4-A00N0B02 | B88: DS00H2 | C88: KASSANDRA HERNÁNDEZ | D88: S/N 21078N5458 | E88: =RIGHT(Tabla1[[#This Row],[NUMERO DE SERIE ]],10) -> 21078N5458 | F88: ok | G88: =_xlfn.XLOOKUP(Tabla1[[#This Row],[SERIE]],'DATA IT'!D:D,'DATA IT'!G:G) -> RP4B
A89: RP4-A00N0B02 | B89: DS0050 | C89: ELMER FIGUEROA | D89: S/N 21078N5461 | E89: 21078N5461 | F89: ok | G89: =_xlfn.XLOOKUP(Tabla1[[#This Row],[SERIE]],'DATA IT'!D:D,'DATA IT'!G:G) -> RP4B
A90: RP4-A00N0B02 | B90: Pendiente de Asignar | C90: Coordinación | D90: S/N 21078N5538 | E90: =RIGHT(Tabla1[[#This Row],[NUMERO DE SERIE ]],10) -> 21078N5538 | F90: ok | G90: =_xlfn.XLOOKUP(Tabla1[[#This Row],[SERIE]],'DATA IT'!D:D,'DATA IT'!G:G) -> RP4B | H90: NOK | I90: No funciona
A91: RP4-A00N0B02 | B91: Pendiente de Asignar | C91: Coordinación | D91: S/N 21078N5542 | E91: =RIGHT(Tabla1[[#This Row],[NUMERO DE SERIE ]],10) -> 21078N5542 | F91: ok | G91: =_xlfn.XLOOKUP(Tabla1[[#This Row],[SERIE]],'DATA IT'!D:D,'DATA IT'!G:G) -> RP4B | H91: NOK | I91: No funciona y sin batería
A92: RP4-A00N0B02 | B92: DS00DE | C92: JOSE ALEXANDER GARCIA SAÑA | D92: S/N 21078N5543 | E92: =RIGHT(Tabla1[[#This Row],[NUMERO DE SERIE ]],10) -> 21078N5543 | F92: ok | G92: =_xlfn.XLOOKUP(Tabla1[[#This Row],[SERIE]],'DATA IT'!D:D,'DATA IT'!G:G) -> RP4B
A93: RP4-A00N0B02 | B93: DS0036 | C93: ELMER FIGUEROA | D93: S/N 21078N5547 | E93: =RIGHT(Tabla1[[#This Row],[NUMERO DE SERIE ]],10) -> 21078N5547 | F93: ok | G93: =_xlfn.XLOOKUP(Tabla1[[#This Row],[SERIE]],'DATA IT'!D:D,'DATA IT'!G:G) -> RP4B
A94: RP4-A00N0B02 | B94: DS00HC | C94: KASSANDRA HERNÁNDEZ | D94: S/N 21078N5563 | E94: =RIGHT(Tabla1[[#This Row],[NUMERO DE SERIE ]],10) -> 21078N5563 | F94: ok | G94: =_xlfn.XLOOKUP(Tabla1[[#This Row],[SERIE]],'DATA IT'!D:D,'DATA IT'!G:G) -> RP4B
A95: RP4-A00N0B02 | B95: DS0006 | C95: JOSE ALEXANDER GARCIA SAÑA | D95: S/N 21078N5575 | E95: 21078N5575 | F95: ok | G95: =_xlfn.XLOOKUP(Tabla1[[#This Row],[SERIE]],'DATA IT'!D:D,'DATA IT'!G:G) -> RP4B
A96: RP4-A00N0B02 | B96: DS0037 | C96: BRYAN GALDÁMEZ | D96: S/N 21078N5592 | E96: =RIGHT(Tabla1[[#This Row],[NUMERO DE SERIE ]],10) -> 21078N5592 | F96: ok | G96: =_xlfn.XLOOKUP(Tabla1[[#This Row],[SERIE]],'DATA IT'!D:D,'DATA IT'!G:G) -> RP4B
A97: RP4-A00N0B02 | B97: DS001H | C97: KASSANDRA HERNÁNDEZ | D97: S/N 21088N075F | E97: =RIGHT(Tabla1[[#This Row],[NUMERO DE SERIE ]],10) -> 21088N075F | F97: ok | G97: =_xlfn.XLOOKUP(Tabla1[[#This Row],[SERIE]],'DATA IT'!D:D,'DATA IT'!G:G) -> RP4B
A98: RP4-A00N0B02 | B98: DS0076 | C98: ELMER FIGUEROA | D98: S/N 21088N076C | E98: =RIGHT(Tabla1[[#This Row],[NUMERO DE SERIE ]],10) -> 21088N076C | F98: ok | G98: =_xlfn.XLOOKUP(Tabla1[[#This Row],[SERIE]],'DATA IT'!D:D,'DATA IT'!G:G) -> RP4B
A99: RP4-A00N0B02 | B99: DS0019 | C99: ELMER FIGUEROA | D99: S/N 21088N0771 | E99: =RIGHT(Tabla1[[#This Row],[NUMERO DE SERIE ]],10) -> 21088N0771 | F99: ok | G99: =_xlfn.XLOOKUP(Tabla1[[#This Row],[SERIE]],'DATA IT'!D:D,'DATA IT'!G:G) -> RP4B
A100: RP4-A00N0B02 | B100: DS00DM | C100: JUAN CARLOS RAMIREZ SIBRIAN | D100: S/N 21088N0775 | E100: =RIGHT(Tabla1[[#This Row],[NUMERO DE SERIE ]],10) -> 21088N0775 | F100: ok | G100: =_xlfn.XLOOKUP(Tabla1[[#This Row],[SERIE]],'DATA IT'!D:D,'DATA IT'!G:G) -> RP4B
A101: RP4-A00N0B02 | B101: DS000H | C101: KASSANDRA HERNÁNDEZ | D101: S/N 21088N0778 | E101: =RIGHT(Tabla1[[#This Row],[NUMERO DE SERIE ]],10) -> 21088N0778 | F101: ok | G101: =_xlfn.XLOOKUP(Tabla1[[#This Row],[SERIE]],'DATA IT'!D:D,'DATA IT'!G:G) -> RP4B
A102: RP4-A00N0B02 | B102: Pendiente de Asignar | C102: Coordinación | D102: S/N 21088N078C | E102: =RIGHT(Tabla1[[#This Row],[NUMERO DE SERIE ]],10) -> 21088N078C | F102: ok | G102: =_xlfn.XLOOKUP(Tabla1[[#This Row],[SERIE]],'DATA IT'!D:D,'DATA IT'!G:G) -> RP4B | H102: NOK | I102: No funciona
A103: RP4-A00N0B02 | B103: Pendiente de Asignar | C103: Coordinación | D103: S/N 21088N079F | E103: =RIGHT(Tabla1[[#This Row],[NUMERO DE SERIE ]],10) -> 21088N079F | F103: ok | G103: =_xlfn.XLOOKUP(Tabla1[[#This Row],[SERIE]],'DATA IT'!D:D,'DATA IT'!G:G) -> RP4B | H103: NOK
A104: RP4-A00N0B02 | B104: DS00FH | C104: KASSANDRA HERNÁNDEZ | D104: S/N 21089N0B19 | E104: =RIGHT(Tabla1[[#This Row],[NUMERO DE SERIE ]],10) -> 21089N0B19 | F104: ok | G104: =_xlfn.XLOOKUP(Tabla1[[#This Row],[SERIE]],'DATA IT'!D:D,'DATA IT'!G:G) -> RP4B
...

Sheet DATA IT
A1: N° | B1: Estado | C1: Nombre | D1: Número de serie | F1: Fabricante | G1: Modelo | H1: Ubicación | I1: Asignado a | J1: Comentarios | K1: Buscar
A2: 283 | B2: Activo | C2: MAZPRNES-21069N006F | D2: 21069N006F | F2: Honeywell | G2: RP4B | H2: SV_ESR_CD_Soyapango | I2: Felix Chavez | K2: =_xlfn.XLOOKUP(D2,'Impresoras Julio 2026'!E:E,'Impresoras Julio 2026'!F:F) -> #N/A
A3: 284 | B3: Activo | C3: MAZPRNES-21069N007D | D3: 21069N007D | E3: 21069N007D | F3: Honeywell | G3: RP4B | H3: SV_ESR_CD_Soyapango | I3: Felix Chavez | K3: =_xlfn.XLOOKUP(D3,'Impresoras Julio 2026'!E:E,'Impresoras Julio 2026'!F:F) -> ok
A4: 285 | B4: Activo | C4: MAZPRNES-21069N007E | D4: 21069N007E | E4: 21069N007E | F4: Honeywell | G4: RP4B | H4: SV_ESR_CD_Soyapango | I4: Felix Chavez | K4: =_xlfn.XLOOKUP(D4,'Impresoras Julio 2026'!E:E,'Impresoras Julio 2026'!F:F) -> ok
A5: 286 | B5: Activo | C5: MAZPRNES-21069N007F | D5: 21069N007F | E5: 21069N007F | F5: Honeywell | G5: RP4B | H5: SV_ESR_CD_Soyapango | I5: Felix Chavez | K5: =_xlfn.XLOOKUP(D5,'Impresoras Julio 2026'!E:E,'Impresoras Julio 2026'!F:F) -> ok
A6: 287 | B6: Activo | C6: MAZPRNES-21069N0097 | D6: 21069N0097 | E6: 21069N0097 | F6: Honeywell | G6: RP4B | H6: SV_ESR_CD_Soyapango | I6: Felix Chavez | K6: =_xlfn.XLOOKUP(D6,'Impresoras Julio 2026'!E:E,'Impresoras Julio 2026'!F:F) -> ok
A7: 288 | B7: Activo | C7: MAZPRNES-21069N0098 | D7: 21069N0098 | E7: 21069N0098 | F7: Honeywell | G7: RP4B | H7: SV_ESR_CD_Soyapango | I7: Felix Chavez | K7: =_xlfn.XLOOKUP(D7,'Impresoras Julio 2026'!E:E,'Impresoras Julio 2026'!F:F) -> ok
A8: 289 | B8: Activo | C8: MAZPRNES-21069N0099 | D8: 21069N0099 | E8: 21069N0099 | F8: Honeywell | G8: RP4B | H8: SV_ESR_CD_Soyapango | I8: Felix Chavez | K8: =_xlfn.XLOOKUP(D8,'Impresoras Julio 2026'!E:E,'Impresoras Julio 2026'!F:F) -> ok
A9: 290 | B9: Activo | C9: MAZPRNES-21069N009A | D9: 21069N009A | E9: 21069N009A | F9: Honeywell | G9: RP4B | H9: SV_ESR_CD_Soyapango | I9: Felix Chavez | K9: =_xlfn.XLOOKUP(D9,'Impresoras Julio 2026'!E:E,'Impresoras Julio 2026'!F:F) -> ok
A10: 291 | B10: Activo | C10: MAZPRNES-21069N0874 | D10: 21069N0874 | E10: 21069N0874 | F10: Honeywell | G10: RP4B | H10: SV_ESR_CD_Soyapango | I10: Felix Chavez | K10: =_xlfn.XLOOKUP(D10,'Impresoras Julio 2026'!E:E,'Impresoras Julio 2026'!F:F) -> ok
A11: 292 | B11: Activo | C11: MAZPRNES-21069N087E | D11: 21069N087E | E11: 21069N087E | F11: Honeywell | G11: RP4B | H11: SV_ESR_CD_Soyapango | I11: Felix Chavez | K11: =_xlfn.XLOOKUP(D11,'Impresoras Julio 2026'!E:E,'Impresoras Julio 2026'!F:F) -> ok
A12: 293 | B12: Activo | C12: MAZPRNES-21069N0882 | D12: 21069N0882 | E12: 21069N0882 | F12: Honeywell | G12: RP4B | H12: SV_ESR_CD_Soyapango | I12: Felix Chavez | K12: =_xlfn.XLOOKUP(D12,'Impresoras Julio 2026'!E:E,'Impresoras Julio 2026'!F:F) -> ok
A13: 294 | B13: Activo | C13: MAZPRNES-21069N0896 | D13: 21069N0896 | E13: 21069N0896 | F13: Honeywell | G13: RP4B | H13: SV_ESR_CD_Soyapango | I13: Felix Chavez | K13: =_xlfn.XLOOKUP(D13,'Impresoras Julio 2026'!E:E,'Impresoras Julio 2026'!F:F) -> ok
A14: 295 | B14: Activo | C14: MAZPRNES-21069N089C | D14: 21069N089C | F14: Honeywell | G14: RP4B | H14: SV_ESR_CD_Soyapango | I14: Felix Chavez | K14: =_xlfn.XLOOKUP(D14,'Impresoras Julio 2026'!E:E,'Impresoras Julio 2026'!F:F) -> #N/A
A15: 296 | B15: Activo | C15: MAZPRNES-21069N089D | D15: 21069N089D | E15: 21069N089D | F15: Honeywell | G15: RP4B | H15: SV_ESR_CD_Soyapango | I15: Felix Chavez | K15: =_xlfn.XLOOKUP(D15,'Impresoras Julio 2026'!E:E,'Impresoras Julio 2026'!F:F) -> ok
A16: 297 | B16: Activo | C16: MAZPRNES-21069N08B7 | D16: 21069N08B7 | E16: 21069N08B7 | F16: Honeywell | G16: RP4B | H16: SV_ESR_CD_Soyapango | I16: Felix Chavez | K16: =_xlfn.XLOOKUP(D16,'Impresoras Julio 2026'!E:E,'Impresoras Julio 2026'!F:F) -> ok
A17: 298 | B17: Activo | C17: MAZPRNES-21070N020A | D17: 21070N020A | E17: 21070N020A | F17: Honeywell | G17: RP4B | H17: SV_ESR_CD_Soyapango | I17: Felix Chavez | K17: =_xlfn.XLOOKUP(D17,'Impresoras Julio 2026'!E:E,'Impresoras Julio 2026'!F:F) -> ok
A18: 299 | B18: Activo | C18: MAZPRNES-21070N0211 | D18: 21070N0211 | E18: 21070N0211 | F18: Honeywell | G18: RP4B | H18: SV_ESR_CD_Soyapango | I18: Felix Chavez | K18: =_xlfn.XLOOKUP(D18,'Impresoras Julio 2026'!E:E,'Impresoras Julio 2026'!F:F) -> ok
A19: 300 | B19: Activo | C19: MAZPRNES-21070N0212 | D19: 21070N0212 | E19: 21070N0212 | F19: Honeywell | G19: RP4B | H19: SV_ESR_CD_Soyapango | I19: Felix Chavez | K19: =_xlfn.XLOOKUP(D19,'Impresoras Julio 2026'!E:E,'Impresoras Julio 2026'!F:F) -> ok
A20: 301 | B20: Activo | C20: MAZPRNES-21076N09A6 | D20: 21076N09A6 | F20: Honeywell | G20: RP4B | H20: SV_ESR_CD_Soyapango | I20: Felix Chavez | K20: =_xlfn.XLOOKUP(D20,'Impresoras Julio 2026'!E:E,'Impresoras Julio 2026'!F:F) -> #N/A
A21: 302 | B21: Activo | C21: MAZPRNES-21076N09A9 | D21: 21076N09A9 | E21: 21076N09A9 | F21: Honeywell | G21: RP4B | H21: SV_ESR_CD_Soyapango | I21: Felix Chavez | K21: =_xlfn.XLOOKUP(D21,'Impresoras Julio 2026'!E:E,'Impresoras Julio 2026'!F:F) -> ok
A22: 303 | B22: Activo | C22: MAZPRNES-21076N09AA | D22: 21076N09AA | F22: Honeywell | G22: RP4B | H22: SV_ESR_CD_Soyapango | I22: Felix Chavez | K22: =_xlfn.XLOOKUP(D22,'Impresoras Julio 2026'!E:E,'Impresoras Julio 2026'!F:F) -> #N/A
A23: 304 | B23: Activo | C23: MAZPRNES-21076N09AE | D23: 21076N09AE | F23: Honeywell | G23: RP4B | H23: SV_ESR_CD_Soyapango | I23: Felix Chavez | K23: =_xlfn.XLOOKUP(D23,'Impresoras Julio 2026'!E:E,'Impresoras Julio 2026'!F:F) -> #N/A
A24: 305 | B24: Activo | C24: MAZPRNES-21076N09B0 | D24: 21076N09B0 | E24: 21076N09B0 | F24: Honeywell | G24: RP4B | H24: SV_ESR_CD_Soyapango | I24: Felix Chavez | K24: =_xlfn.XLOOKUP(D24,'Impresoras Julio 2026'!E:E,'Impresoras Julio 2026'!F:F) -> ok
A25: 306 | B25: Activo | C25: MAZPRNES-21076N09B1 | D25: 21076N09B1 | E25: 21076N09B1 | F25: Honeywell | G25: RP4B | H25: SV_ESR_CD_Soyapango | I25: Felix Chavez | K25: =_xlfn.XLOOKUP(D25,'Impresoras Julio 2026'!E:E,'Impresoras Julio 2026'!F:F) -> ok
A26: 307 | B26: Activo | C26: MAZPRNES-21076N09B5 | D26: 21076N09B5 | E26: 21076N09B5 | F26: Honeywell | G26: RP4B | H26: SV_ESR_CD_Soyapango | I26: Felix Chavez | K26: =_xlfn.XLOOKUP(D26,'Impresoras Julio 2026'!E:E,'Impresoras Julio 2026'!F:F) -> ok
A27: 308 | B27: Activo | C27: MAZPRNES-21076N09B6 | D27: 21076N09B6 | E27: 21076N09B6 | F27: Honeywell | G27: RP4B | H27: SV_ESR_CD_Soyapango | I27: Felix Chavez | K27: =_xlfn.XLOOKUP(D27,'Impresoras Julio 2026'!E:E,'Impresoras Julio 2026'!F:F) -> ok
A28: 309 | B28: Activo | C28: MAZPRNES-21076N09B8 | D28: 21076N09B8 | F28: Honeywell | G28: RP4B | H28: SV_ESR_CD_Soyapango | I28: Felix Chavez | K28: =_xlfn.XLOOKUP(D28,'Impresoras Julio 2026'!E:E,'Impresoras Julio 2026'!F:F) -> #N/A
A29: 310 | B29: Activo | C29: MAZPRNES-21076N09BE | D29: 21076N09BE | F29: Honeywell | G29: RP4B | H29: SV_ESR_CD_Soyapango | I29: Felix Chavez | K29: =_xlfn.XLOOKUP(D29,'Impresoras Julio 2026'!E:E,'Impresoras Julio 2026'!F:F) -> #N/A
A30: 311 | B30: Activo | C30: MAZPRNES-21076N09C2 | D30: 21076N09C2 | F30: Honeywell | G30: RP4B | H30: SV_ESR_CD_Soyapango | I30: Felix Chavez | K30: =_xlfn.XLOOKUP(D30,'Impresoras Julio 2026'!E:E,'Impresoras Julio 2026'!F:F) -> #N/A
A31: 312 | B31: Activo | C31: MAZPRNES-21076n09c3 | D31: 21076n09c3 | E31: 21076N09C3 | F31: Honeywell | G31: RP4B | H31: SV_ESR_CD_Soyapango | I31: Felix Chavez | K31: =_xlfn.XLOOKUP(D31,'Impresoras Julio 2026'!E:E,'Impresoras Julio 2026'!F:F) -> ok
A32: 313 | B32: Activo | C32: MAZPRNES-21076N09C4 | D32: 21076N09C4 | E32: 21076N09C4 | F32: Honeywell | G32: RP4B | H32: SV_ESR_CD_Soyapango | I32: Felix Chavez | K32: =_xlfn.XLOOKUP(D32,'Impresoras Julio 2026'!E:E,'Impresoras Julio 2026'!F:F) -> ok
A33: 314 | B33: Activo | C33: MAZPRNES-21076N09C6 | D33: 21076N09C6 | F33: Honeywell | G33: RP4B | H33: SV_ESR_CD_Soyapango | I33: Felix Chavez | K33: =_xlfn.XLOOKUP(D33,'Impresoras Julio 2026'!E:E,'Impresoras Julio 2026'!F:F) -> #N/A
A34: 315 | B34: Activo | C34: MAZPRNES-21076N09C8 | D34: 21076N09C8 | E34: 21076N09C8 | F34: Honeywell | G34: RP4B | H34: SV_ESR_CD_Soyapango | I34: Felix Chavez | K34: =_xlfn.XLOOKUP(D34,'Impresoras Julio 2026'!E:E,'Impresoras Julio 2026'!F:F) -> ok
A35: 316 | B35: Activo | C35: MAZPRNES-21076N0B1C | D35: 21076N0B1C | E35: 21076N0B1C | F35: Honeywell | G35: RP4B | H35: SV_ESR_CD_Soyapango | I35: Felix Chavez | K35: =_xlfn.XLOOKUP(D35,'Impresoras Julio 2026'!E:E,'Impresoras Julio 2026'!F:F) -> ok
A36: 317 | B36: Activo | C36: MAZPRNES-21076n0b1e | D36: 21076n0b1e | E36: 21076N0B1E | F36: Honeywell | G36: RP4B | H36: SV_ESR_CD_Soyapango | I36: Felix Chavez | K36: =_xlfn.XLOOKUP(D36,'Impresoras Julio 2026'!E:E,'Impresoras Julio 2026'!F:F) -> ok
A37: 318 | B37: Activo | C37: MAZPRNES-21076N0B1F | D37: 21076N0B1F | E37: 21076N0B1F | F37: Honeywell | G37: RP4B | H37: SV_ESR_CD_Soyapango | I37: Felix Chavez | K37: =_xlfn.XLOOKUP(D37,'Impresoras Julio 2026'!E:E,'Impresoras Julio 2026'!F:F) -> ok
A38: 319 | B38: Activo | C38: MAZPRNES-21076n0b20 | D38: 21076n0b20 | E38: 21076N0B20 | F38: Honeywell | G38: RP4B | H38: SV_ESR_CD_Soyapango | I38: Felix Chavez | K38: =_xlfn.XLOOKUP(D38,'Impresoras Julio 2026'!E:E,'Impresoras Julio 2026'!F:F) -> ok
A39: 320 | B39: Activo | C39: MAZPRNES-21076N0B23 | D39: 21076N0B23 | F39: Honeywell | G39: RP4B | H39: SV_ESR_CD_Soyapango | I39: Felix Chavez | K39: =_xlfn.XLOOKUP(D39,'Impresoras Julio 2026'!E:E,'Impresoras Julio 2026'!F:F) -> #N/A
A40: 321 | B40: Activo | C40: MAZPRNES-21076N0B30 | D40: 21076N0B30 | F40: Honeywell | G40: RP4B | H40: SV_ESR_CD_Soyapango | I40: Felix Chavez | K40: =_xlfn.XLOOKUP(D40,'Impresoras Julio 2026'!E:E,'Impresoras Julio 2026'!F:F) -> #N/A
A41: 322 | B41: Activo | C41: MAZPRNES-21076N0B32 | D41: 21076N0B32 | E41: 21076N0B32 | F41: Honeywell | G41: RP4B | H41: SV_ESR_CD_Soyapango | I41: Felix Chavez | K41: =_xlfn.XLOOKUP(D41,'Impresoras Julio 2026'!E:E,'Impresoras Julio 2026'!F:F) -> ok
A42: 323 | B42: Activo | C42: MAZPRNES-21076N0B34 | D42: 21076N0B34 | E42: 21076N0B34 | F42: Honeywell | G42: RP4B | H42: SV_ESR_CD_Soyapango | I42: Felix Chavez | K42: =_xlfn.XLOOKUP(D42,'Impresoras Julio 2026'!E:E,'Impresoras Julio 2026'!F:F) -> ok
A43: 324 | B43: Activo | C43: MAZPRNES-21076N0B36 | D43: 21076N0B36 | E43: 21076N0B36 | F43: Honeywell | G43: RP4B | H43: SV_ESR_CD_Soyapango | I43: Felix Chavez | K43: =_xlfn.XLOOKUP(D43,'Impresoras Julio 2026'!E:E,'Impresoras Julio 2026'!F:F) -> ok
A44: 325 | B44: Activo | C44: MAZPRNES-21076N0B39 | D44: 21076N0B39 | E44: 21076N0B39 | F44: Honeywell | G44: RP4B | H44: SV_ESR_CD_Soyapango | I44: Felix Chavez | K44: =_xlfn.XLOOKUP(D44,'Impresoras Julio 2026'!E:E,'Impresoras Julio 2026'!F:F) -> ok
A45: 326 | B45: Activo | C45: MAZPRNES-21076N0B3A | D45: 21076N0B3A | E45: 21076N0B3A | F45: Honeywell | G45: RP4B | H45: SV_ESR_CD_Soyapango | I45: Felix Chavez | K45: =_xlfn.XLOOKUP(D45,'Impresoras Julio 2026'!E:E,'Impresoras Julio 2026'!F:F) -> ok
A46: 327 | B46: Activo | C46: MAZPRNES-21076N0B3C | D46: 21076N0B3C | E46: 21076N0B3C | F46: Honeywell | G46: RP4B | H46: SV_ESR_CD_Soyapango | I46: Felix Chavez | K46: =_xlfn.XLOOKUP(D46,'Impresoras Julio 2026'!E:E,'Impresoras Julio 2026'!F:F) -> ok
A47: 328 | B47: Activo | C47: MAZPRNES-21076N0B44 | D47: 21076N0B44 | E47: 21076N0B44 | F47: Honeywell | G47: RP4B | H47: SV_ESR_CD_Soyapango | I47: Felix Chavez | K47: =_xlfn.XLOOKUP(D47,'Impresoras Julio 2026'!E:E,'Impresoras Julio 2026'!F:F) -> ok
A48: 329 | B48: Activo | C48: MAZPRNES-21076N0B45 | D48: 21076N0B45 | E48: 21076N0B45 | F48: Honeywell | G48: RP4B | H48: SV_ESR_CD_Soyapango | I48: Felix Chavez | K48: =_xlfn.XLOOKUP(D48,'Impresoras Julio 2026'!E:E,'Impresoras Julio 2026'!F:F) -> ok
A49: 330 | B49: Activo | C49: MAZPRNES-21076N0B46 | D49: 21076N0B46 | E49: 21076N0B46 | F49: Honeywell | G49: RP4B | H49: SV_ESR_CD_Soyapango | I49: Felix Chavez | K49: =_xlfn.XLOOKUP(D49,'Impresoras Julio 2026'!E:E,'Impresoras Julio 2026'!F:F) -> ok
A50: 331 | B50: Activo | C50: MAZPRNES-21076N0B47 | D50: 21076N0B47 | E50: 21076N0B47 | F50: Honeywell | G50: RP4B | H50: SV_ESR_CD_Soyapango | I50: Felix Chavez | K50: =_xlfn.XLOOKUP(D50,'Impresoras Julio 2026'!E:E,'Impresoras Julio 2026'!F:F) -> ok
A51: 332 | B51: Activo | C51: MAZPRNES-21076N0B48 | D51: 21076N0B48 | E51: 21076N0B48 | F51: Honeywell | G51: RP4B | H51: SV_ESR_CD_Soyapango | I51: Felix Chavez | K51: =_xlfn.XLOOKUP(D51,'Impresoras Julio 2026'!E:E,'Impresoras Julio 2026'!F:F) -> ok
A52: 333 | B52: Activo | C52: MAZPRNES-21076N0B49 | D52: 21076N0B49 | E52: 21076N0B49 | F52: Honeywell | G52: RP4B | H52: SV_ESR_CD_Soyapango | I52: Felix Chavez | K52: =_xlfn.XLOOKUP(D52,'Impresoras Julio 2026'!E:E,'Impresoras Julio 2026'!F:F) -> ok
A53: 334 | B53: Activo | C53: MAZPRNES-21076N0B4A | D53: 21076N0B4A | E53: 21076N0B4A | F53: Honeywell | G53: RP4B | H53: SV_ESR_CD_Soyapango | I53: Felix Chavez | K53: =_xlfn.XLOOKUP(D53,'Impresoras Julio 2026'!E:E,'Impresoras Julio 2026'!F:F) -> ok
A54: 335 | B54: Activo | C54: MAZPRNES-21076N0B4B | D54: 21076N0B4B | F54: Honeywell | G54: RP4B | H54: SV_ESR_CD_Soyapango | I54: Felix Chavez | K54: =_xlfn.XLOOKUP(D54,'Impresoras Julio 2026'!E:E,'Impresoras Julio 2026'!F:F) -> #N/A
A55: 336 | B55: Activo | C55: MAZPRNES-21076N0B56 | D55: 21076N0B56 | E55: 21076N0B56 | F55: Honeywell | G55: RP4B | H55: SV_ESR_CD_Soyapango | I55: Felix Chavez | K55: =_xlfn.XLOOKUP(D55,'Impresoras Julio 2026'!E:E,'Impresoras Julio 2026'!F:F) -> ok
A56: 337 | B56: Activo | C56: MAZPRNES-21076N0B59 | D56: 21076N0B59 | E56: 21076N0B59 | F56: Honeywell | G56: RP4B | H56: SV_ESR_CD_Soyapango | I56: Felix Chavez | K56: =_xlfn.XLOOKUP(D56,'Impresoras Julio 2026'!E:E,'Impresoras Julio 2026'!F:F) -> ok
A57: 338 | B57: Activo | C57: MAZPRNES-21076N0B5A | D57: 21076N0B5A | E57: 21076N0B5A | F57: Honeywell | G57: RP4B | H57: SV_ESR_CD_Soyapango | I57: Felix Chavez | K57: =_xlfn.XLOOKUP(D57,'Impresoras Julio 2026'!E:E,'Impresoras Julio 2026'!F:F) -> ok
A58: 339 | B58: Activo | C58: MAZPRNES-21076N0B5B | D58: 21076N0B5B | E58: 21076N0B5B | F58: Honeywell | G58: RP4B | H58: SV_ESR_CD_Soyapango | I58: Felix Chavez | K58: =_xlfn.XLOOKUP(D58,'Impresoras Julio 2026'!E:E,'Impresoras Julio 2026'!F:F) -> ok
A59: 340 | B59: Activo | C59: MAZPRNES-21076N0B5C | D59: 21076N0B5C | E59: 21076N0B5C | F59: Honeywell | G59: RP4B | H59: SV_ESR_CD_Soyapango | I59: Felix Chavez | K59: =_xlfn.XLOOKUP(D59,'Impresoras Julio 2026'!E:E,'Impresoras Julio 2026'!F:F) -> ok
A60: 341 | B60: Activo | C60: MAZPRNES-21076N0B5F | D60: 21076N0B5F | E60: 21076N0B5F | F60: Honeywell | G60: RP4B | H60: SV_ESR_CD_Soyapango | I60: Felix Chavez | K60: =_xlfn.XLOOKUP(D60,'Impresoras Julio 2026'!E:E,'Impresoras Julio 2026'!F:F) -> ok
A61: 342 | B61: Activo | C61: MAZPRNES-21076N0B62 | D61: 21076N0B62 | E61: 21076N0B62 | F61: Honeywell | G61: RP4B | H61: SV_ESR_CD_Soyapango | I61: Felix Chavez | K61: =_xlfn.XLOOKUP(D61,'Impresoras Julio 2026'!E:E,'Impresoras Julio 2026'!F:F) -> ok
A62: 343 | B62: Activo | C62: MAZPRNES-21076N0B63 | D62: 21076N0B63 | F62: Honeywell | G62: RP4B | H62: SV_ESR_CD_Soyapango | I62: Felix Chavez | K62: =_xlfn.XLOOKUP(D62,'Impresoras Julio 2026'!E:E,'Impresoras Julio 2026'!F:F) -> #N/A
A63: 344 | B63: Activo | C63: MAZPRNES-21076N0B64 | D63: 21076N0B64 | E63: 21076N0B64 | F63: Honeywell | G63: RP4B | H63: SV_ESR_CD_Soyapango | I63: Felix Chavez | K63: =_xlfn.XLOOKUP(D63,'Impresoras Julio 2026'!E:E,'Impresoras Julio 2026'!F:F) -> ok
A64: 345 | B64: Activo | C64: MAZPRNES-21076N0B65 | D64: 21076N0B65 | E64: 21076N0B65 | F64: Honeywell | G64: RP4B | H64: SV_ESR_CD_Soyapango | I64: Felix Chavez | K64: =_xlfn.XLOOKUP(D64,'Impresoras Julio 2026'!E:E,'Impresoras Julio 2026'!F:F) -> ok
A65: 346 | B65: Activo | C65: MAZPRNES-21077N0177 | D65: 21077N0177 | E65: 21077N0177 | F65: Honeywell | G65: RP4B | H65: SV_ESR_CD_Soyapango | I65: Felix Chavez | K65: =_xlfn.XLOOKUP(D65,'Impresoras Julio 2026'!E:E,'Impresoras Julio 2026'!F:F) -> ok
A66: 347 | B66: Activo | C66: MAZPRNES-21077N0178 | D66: 21077N0178 | E66: 21077N0178 | F66: Honeywell | G66: RP4B | H66: SV_ESR_CD_Soyapango | I66: Felix Chavez | K66: =_xlfn.XLOOKUP(D66,'Impresoras Julio 2026'!E:E,'Impresoras Julio 2026'!F:F) -> ok
A67: 348 | B67: Activo | C67: MAZPRNES-21077N0179 | D67: 21077N0179 | E67: 21077N0179 | F67: Honeywell | G67: RP4B | H67: SV_ESR_CD_Soyapango | I67: Felix Chavez | K67: =_xlfn.XLOOKUP(D67,'Impresoras Julio 2026'!E:E,'Impresoras Julio 2026'!F:F) -> ok
A68: 349 | B68: Activo | C68: MAZPRNES-21077N017A | D68: 21077N017A | E68: 21077N017A | F68: Honeywell | G68: RP4B | H68: SV_ESR_CD_Soyapango | I68: Felix Chavez | K68: =_xlfn.XLOOKUP(D68,'Impresoras Julio 2026'!E:E,'Impresoras Julio 2026'!F:F) -> ok
A69: 350 | B69: Activo | C69: MAZPRNES-21077N017B | D69: 21077N017B | E69: 21077N017B | F69: Honeywell | G69: RP4B | H69: SV_ESR_CD_Soyapango | I69: Felix Chavez | K69: =_xlfn.XLOOKUP(D69,'Impresoras Julio 2026'!E:E,'Impresoras Julio 2026'!F:F) -> ok
A70: 351 | B70: Activo | C70: MAZPRNES-21077N017C | D70: 21077N017C | E70: 21077N017C | F70: Honeywell | G70: RP4B | H70: SV_ESR_CD_Soyapango | I70: Felix Chavez | K70: =_xlfn.XLOOKUP(D70,'Impresoras Julio 2026'!E:E,'Impresoras Julio 2026'!F:F) -> ok
A71: 352 | B71: Activo | C71: MAZPRNES-21077N017D | D71: 21077N017D | E71: 21077N017D | F71: Honeywell | G71: RP4B | H71: SV_ESR_CD_Soyapango | I71: Felix Chavez | K71: =_xlfn.XLOOKUP(D71,'Impresoras Julio 2026'!E:E,'Impresoras Julio 2026'!F:F) -> ok
A72: 353 | B72: Activo | C72: MAZPRNES-21077N017E | D72: 21077N017E | E72: 21077N017E | F72: Honeywell | G72: RP4B | H72: SV_ESR_CD_Soyapango | I72: Felix Chavez | K72: =_xlfn.XLOOKUP(D72,'Impresoras Julio 2026'!E:E,'Impresoras Julio 2026'!F:F) -> ok
A73: 354 | B73: Activo | C73: MAZPRNES-21077N0180 | D73: 21077N0180 | E73: 21077N0180 | F73: Honeywell | G73: RP4B | H73: SV_ESR_CD_Soyapango | I73: Felix Chavez | K73: =_xlfn.XLOOKUP(D73,'Impresoras Julio 2026'!E:E,'Impresoras Julio 2026'!F:F) -> ok
A74: 355 | B74: Activo | C74: MAZPRNES-21077N0198 | D74: 21077N0198 | E74: 21077N0198 | F74: Honeywell | G74: RP4B | H74: SV_ESR_CD_Soyapango | I74: Felix Chavez | K74: =_xlfn.XLOOKUP(D74,'Impresoras Julio 2026'!E:E,'Impresoras Julio 2026'!F:F) -> ok
A75: 356 | B75: Activo | C75: MAZPRNES-21077N019D | D75: 21077N019D | F75: Honeywell | G75: RP4B | H75: SV_ESR_CD_Soyapango | I75: Felix Chavez | K75: =_xlfn.XLOOKUP(D75,'Impresoras Julio 2026'!E:E,'Impresoras Julio 2026'!F:F) -> #N/A
A76: 357 | B76: Activo | C76: MAZPRNES-21077N01A0 | D76: 21077N01A0 | E76: 21077N01A0 | F76: Honeywell | G76: RP4B | H76: SV_ESR_CD_Soyapango | I76: Felix Chavez | K76: =_xlfn.XLOOKUP(D76,'Impresoras Julio 2026'!E:E,'Impresoras Julio 2026'!F:F) -> ok
A77: 358 | B77: Activo | C77: MAZPRNES-21077N01A3 | D77: 21077N01A3 | E77: 21077N01A3 | F77: Honeywell | G77: RP4B | H77: SV_ESR_CD_Soyapango | I77: Felix Chavez | K77: =_xlfn.XLOOKUP(D77,'Impresoras Julio 2026'!E:E,'Impresoras Julio 2026'!F:F) -> ok
A78: 359 | B78: Activo | C78: MAZPRNES-21077N01A5 | D78: 21077N01A5 | E78: 21077N01A5 | F78: Honeywell | G78: RP4B | H78: SV_ESR_CD_Soyapango | I78: Felix Chavez | K78: =_xlfn.XLOOKUP(D78,'Impresoras Julio 2026'!E:E,'Impresoras Julio 2026'!F:F) -> ok
A79: 360 | B79: Activo | C79: MAZPRNES-21077N01A6 | D79: 21077N01A6 | E79: 21077N01A6 | F79: Honeywell | G79: RP4B | H79: SV_ESR_CD_Soyapango | I79: Felix Chavez | K79: =_xlfn.XLOOKUP(D79,'Impresoras Julio 2026'!E:E,'Impresoras Julio 2026'!F:F) -> ok
A80: 361 | B80: Activo | C80: MAZPRNES-21077N01A7 | D80: 21077N01A7 | E80: 21077N01A7 | F80: Honeywell | G80: RP4B | H80: SV_ESR_CD_Soyapango | I80: Felix Chavez | K80: =_xlfn.XLOOKUP(D80,'Impresoras Julio 2026'!E:E,'Impresoras Julio 2026'!F:F) -> ok
A81: 362 | B81: Activo | C81: MAZPRNES-21077N01A9 | D81: 21077N01A9 | E81: 21077N01A9 | F81: Honeywell | G81: RP4B | H81: SV_ESR_CD_Soyapango | I81: Felix Chavez | K81: =_xlfn.XLOOKUP(D81,'Impresoras Julio 2026'!E:E,'Impresoras Julio 2026'!F:F) -> ok
A82: 363 | B82: Activo | C82: MAZPRNES-21077N01BD | D82: 21077N01BD | E82: 21077N01BD | F82: Honeywell | G82: RP4B | H82: SV_ESR_CD_Soyapango | I82: Felix Chavez | K82: =_xlfn.XLOOKUP(D82,'Impresoras Julio 2026'!E:E,'Impresoras Julio 2026'!F:F) -> ok
A83: 364 | B83: Activo | C83: MAZPRNES-21077N01BE | D83: 21077N01BE | E83: 21077N01BE | F83: Honeywell | G83: RP4B | H83: SV_ESR_CD_Soyapango | I83: Felix Chavez | K83: =_xlfn.XLOOKUP(D83,'Impresoras Julio 2026'!E:E,'Impresoras Julio 2026'!F:F) -> ok
A84: 365 | B84: Activo | C84: MAZPRNES-21077N01BF | D84: 21077N01BF | E84: 21077N01BF | F84: Honeywell | G84: RP4B | H84: SV_ESR_CD_Soyapango | I84: Felix Chavez | K84: =_xlfn.XLOOKUP(D84,'Impresoras Julio 2026'!E:E,'Impresoras Julio 2026'!F:F) -> ok
A85: 366 | B85: Activo | C85: MAZPRNES-21077N01C0 | D85: 21077N01C0 | E85: 21077N01C0 | F85: Honeywell | G85: RP4B | H85: SV_ESR_CD_Soyapango | I85: Felix Chavez | K85: =_xlfn.XLOOKUP(D85,'Impresoras Julio 2026'!E:E,'Impresoras Julio 2026'!F:F) -> ok
A86: 367 | B86: Activo | C86: MAZPRNES-21078N5067 | D86: 21078N5067 | E86: 21078N5067 | F86: Honeywell | G86: RP4B | H86: SV_ESR_CD_Soyapango | I86: Felix Chavez | K86: =_xlfn.XLOOKUP(D86,'Impresoras Julio 2026'!E:E,'Impresoras Julio 2026'!F:F) -> ok
A87: 368 | B87: Activo | C87: MAZPRNES-21078N5076 | D87: 21078N5076 | F87: Honeywell | G87: RP4B | H87: SV_ESR_CD_Soyapango | I87: Felix Chavez | K87: =_xlfn.XLOOKUP(D87,'Impresoras Julio 2026'!E:E,'Impresoras Julio 2026'!F:F) -> #N/A
A88: 369 | B88: Activo | C88: MAZPRNES-21078N5097 | D88: 21078N5097 | E88: 21078N5097 | F88: Honeywell | G88: RP4B | H88: SV_ESR_CD_Soyapango | I88: Felix Chavez | K88: =_xlfn.XLOOKUP(D88,'Impresoras Julio 2026'!E:E,'Impresoras Julio 2026'!F:F) -> ok
A89: 370 | B89: Activo | C89: MAZPRNES-21078N5125 | D89: 21078N5125 | F89: Honeywell | G89: RP4B | H89: SV_ESR_CD_Soyapango | I89: Felix Chavez | K89: =_xlfn.XLOOKUP(D89,'Impresoras Julio 2026'!E:E,'Impresoras Julio 2026'!F:F) -> #N/A
A90: 371 | B90: Activo | C90: MAZPRNES-21078N5330 | D90: 21078N5330 | E90: 21078N5330 | F90: Honeywell | G90: RP4B | H90: SV_ESR_CD_Soyapango | I90: Felix Chavez | K90: =_xlfn.XLOOKUP(D90,'Impresoras Julio 2026'!E:E,'Impresoras Julio 2026'!F:F) -> ok
A91: 372 | B91: Activo | C91: MAZPRNES-21078N5368 | D91: 21078N5368 | E91: 21078N5368 | F91: Honeywell | G91: RP4B | H91: SV_ESR_CD_Soyapango | I91: Felix Chavez | K91: =_xlfn.XLOOKUP(D91,'Impresoras Julio 2026'!E:E,'Impresoras Julio 2026'!F:F) -> ok
A92: 373 | B92: Activo | C92: MAZPRNES-21078N5375 | D92: 21078N5375 | F92: Honeywell | G92: RP4B | H92: SV_ESR_CD_Soyapango | I92: Felix Chavez | K92: =_xlfn.XLOOKUP(D92,'Impresoras Julio 2026'!E:E,'Impresoras Julio 2026'!F:F) -> #N/A
A93: 374 | B93: Activo | C93: MAZPRNES-21078N5384 | D93: 21078N5384 | E93: 21078N5384 | F93: Honeywell | G93: RP4B | H93: SV_ESR_CD_Soyapango | I93: Felix Chavez | K93: =_xlfn.XLOOKUP(D93,'Impresoras Julio 2026'!E:E,'Impresoras Julio 2026'!F:F) -> ok
A94: 375 | B94: Activo | C94: MAZPRNES-21078N5388 | D94: 21078N5388 | E94: 21078N5388 | F94: Honeywell | G94: RP4B | H94: SV_ESR_CD_Soyapango | I94: Felix Chavez | K94: =_xlfn.XLOOKUP(D94,'Impresoras Julio 2026'!E:E,'Impresoras Julio 2026'!F:F) -> ok
A95: 376 | B95: Activo | C95: MAZPRNES-21078N5406 | D95: 21078N5406 | E95: 21078N5406 | F95: Honeywell | G95: RP4B | H95: SV_ESR_CD_Soyapango | I95: Felix Chavez | K95: =_xlfn.XLOOKUP(D95,'Impresoras Julio 2026'!E:E,'Impresoras Julio 2026'!F:F) -> ok
A96: 377 | B96: Activo | C96: MAZPRNES-21078N5409 | D96: 21078N5409 | E96: 21078N5409 | F96: Honeywell | G96: RP4B | H96: SV_ESR_CD_Soyapango | I96: Felix Chavez | K96: =_xlfn.XLOOKUP(D96,'Impresoras Julio 2026'!E:E,'Impresoras Julio 2026'!F:F) -> ok
A97: 378 | B97: Activo | C97: MAZPRNES-21078N5414 | D97: 21078N5414 | F97: Honeywell | G97: RP4B | H97: SV_ESR_CD_Soyapango | I97: Felix Chavez | K97: =_xlfn.XLOOKUP(D97,'Impresoras Julio 2026'!E:E,'Impresoras Julio 2026'!F:F) -> #N/A
A98: 379 | B98: Activo | C98: MAZPRNES-21078N5423 | D98: 21078N5423 | E98: 21078N5423 | F98: Honeywell | G98: RP4B | H98: SV_ESR_CD_Soyapango | I98: Felix Chavez | K98: =_xlfn.XLOOKUP(D98,'Impresoras Julio 2026'!E:E,'Impresoras Julio 2026'!F:F) -> ok
A99: 380 | B99: Activo | C99: MAZPRNES-21078N5437 | D99: 21078N5437 | E99: 21078N5437 | F99: Honeywell | G99: RP4B | H99: SV_ESR_CD_Soyapango | I99: Felix Chavez | K99: =_xlfn.XLOOKUP(D99,'Impresoras Julio 2026'!E:E,'Impresoras Julio 2026'!F:F) -> ok
A100: 381 | B100: Activo | C100: MAZPRNES-21078N5440 | D100: 21078N5440 | F100: Honeywell | G100: RP4B | H100: SV_ESR_CD_Soyapango | I100: Felix Chavez | K100: =_xlfn.XLOOKUP(D100,'Impresoras Julio 2026'!E:E,'Impresoras Julio 2026'!F:F) -> #N/A
...
